Id,Name,Category
2770,Music & Games,false
2734,Kids & Baby,false
2733,Toys,false
2815,Plattform,false
2818,E-commerce,false
2855,didgeridoo,false
2773,Garden & Tools,false
2747,Health & Beauty,false
2746,Grocery,false
2562,Electronics & Computers,false
2412,postmigrantische_Gesellschaft,false
547,Hörfunkjournalist,false
2683,Technology and Research,false
2531,Trollmann,false
2530,Boxen,false
2517,Expat,false
2515,Syrien,false
2514,Flüchtlinge,false
2500,la,false
2489,Empire,false
2488,DripDrop,false
2487,ButterTheMovie,false
2486,SingingLawyers,false
2485,FogodeChao,false
2484,KoolRunningsRestaurant,false
2483,BananaTreeRestaurant,false
2482,YungLuchie,false
2481,Starbucks,false
2429,$,false
2416,Partikularität,false
2415,Wissenschaftsforschung,false
2393,testcall,false
2392,MariaMunozMaraver,false
2391,indigenous,false
2390,humanrights,false
2256,Notentext,false
2223,Aufführungspraxis,false
1461,Nick,false
1458,Hickman,false
1457,Greg,false
1450,Dumas,false
1449,Lee,false
1448,John,false
1447,Moderated,false
1417,André,false
1377,keynote_tech,false
1361,Deutschlandradio,false
1220,Opera,false
1219,SciFi,false
608,Feldmann,false
549,Flisek,false
546,Medientrend,false
545,Kamphuis,false
544,Tolsma,false
543,t´Hooft,false
541,wochenwebschau,false
540,Meinzer,false
539,Bonventre,false
537,Dörnemann,false
536,Jörg,false
535,Setrakian,false
534,Lara,false
533,Dubois,false
532,Frederic,false
531,Mischke,false
530,Thilo,false
529,Hündgen,false
528,Datenschnittstellen,false
526,Matzat,false
525,Lorenz,false
524,Jones,false
523,Balkenhol,false
522,Bollert,false
518,Storytellers,false
498,Brinkmann,false
485,Leopold,false
477,Schönauer,false
464,magazin,false
455,joiz,false
424,crowdsourcing,false
412,Loening,false
397,Gruhnwald,false
377,Pinder,false
365,NEO,false
349,Tenberg,false
301,michael_seemann,false
279,gegenwärtigkeit,false
164,soundcheck,false
2592,Automotive & Industrial,false
2782,Kreidler Komponist,false
2545,Sports & Outdoors,false
2772,Shoes & Jewelery,false
2771,CLothing,false
617,read,false
2730,blube,false
2729,bla,false
1289,hello,false
2728,reiligion,false
2727,christentum,false
2725,religion christentum zürich kirche,false
2723,schauspiel,false
2718,berlin Technology and Research International European Cooperation Udo Schloemer CEO Factory E. Melita Sta.Maria-Thomeczek Ambassador Republic Philippines Jason Lin BBQ Global Gesellschaft,false
2713,berlin Konferenz Gesellschaft berlin conference Konferenz Asia Business culture Technology creativ future Knowledge,false
2698,BBQ,false
2697,Lin,false
2696,Jason,false
2695,Philippines,false
2694,Republic,false
2693,Ambassador,false
2692,Sta.Maria-Thomeczek,false
2691,Melita,false
2690,E.,false
2689,Factory,false
2687,Schloemer,false
2686,Udo,false
2685,Cooperation,false
2684,European,false
2672,spd,false
2671,grünen,false
2670,cdu,false
2638,opentech Technology Open-Source,false
2594,#EU_Salon4 #Entgrenzung #Menschenrechte #Migrationspolitik #EU,false
2598,joy,false
2597,override,false
2546,Grocery Health & Beauty,false
2548,CLothing Shoes & Jewelery,false
2639,OpenTechSummit,false
2630,smartphone,false
2635,Krise,false
2634,Gefängnis,false
2633,Strafvollzug,false
2632,berlin Literaturfestival READ!BERLIN Lesung Philosophie Lebensführung,false
445,GIG,false
2550,Movies Music & Games,false
2411,Integration,false
2616,zhaw web2 programming,false
2582,intro,false
1972,supermoon,false
11,sleep,false
12,one,false
13,stub,false
14,mock,false
17,3,false
18,23,false
20,vietnamese,false
21,noodle,false
22,soup,false
23,drums,false
25,demotion,false
27,auch,false
28,Psycho,false
32,fun,false
35,vollmond,false
36,mond,false
37,kluuu,false
38,Grundlage,false
40,Plan,false
41,andrew,false
42,phil,false
43,Ende,false
44,Astronomie,false
46,Sterne,false
47,alain,false
48,Thu,false
55,boiler,false
56,lorem,false
57,Ipsum,false
59,dog,false
61,recording,false
63,is,false
66,birne,false
68,zalk,false
69,alk,false
70,demote,false
77,like,false
101,Cello,false
128,Schreiben,false
176,form,false
178,Studio,false
194,night,false
195,mic,false
203,tfnm,false
204,testtfnm,false
205,Answers,false
207,tfnmtest,false
208,sport,false
209,draussen,false
212,work,false
220,privat,false
236,pippin_barr,false
251,Jessica_Curry,false
255,Jan_Willem,false
256,Richard_Boeser,false
268,Welthaltigkeit,false
269,Programmmusik,false
270,Weltbezug,false
271,Wellmer,false
272,Rebhahn,false
274,Frühlingstagung,false
276,Reinholdtsen,false
282,whistleblowing,false
339,Leben,false
341,Gebhard,false
342,Beckedahl,false
343,Haeusler,false
344,Choi,false
345,Reissmann,false
346,Wiedemeier,false
348,Stenzel,false
350,Jagger,false
351,Altenfelder,false
352,Goel,false
354,Trakaliaridis,false
355,Harling,false
356,Fritzsch,false
358,Fiedler,false
359,Castle,false
360,Fernsehen,false
361,Gladovic,false
362,Praetorius,false
363,MIZ,false
364,Cohn,false
367,Domke,false
370,westdeutscher,false
371,Rundfunk,false
372,Licari,false
374,Pasquale,false
375,mc,false
376,luhan,false
383,Popova,false
390,Fey,false
391,Meseberg,false
392,Larsen,false
393,Önderoglu,false
394,Soldatov,false
395,Micova,false
396,4,false
399,Datenvisualisierung,false
400,Fetz,false
401,Altmeier,false
402,Auslandsjournalismus,false
403,Lorenz-Meyer,false
406,Westphal,false
407,Klein,false
408,Medieninnovationen,false
409,Broeckerhoff,false
410,Geheimdienst,false
411,Gloger,false
413,Societyx,false
414,Geese,false
415,Karig,false
416,Demokratie,false
417,ueberwachung,false
418,Peters,false
419,e,false
420,ziviler,false
421,ungehrosam,false
422,west,false
423,J,false
425,Higgins,false
428,Kaltheuner,false
429,Kunzemann,false
430,Saekert,false
431,Wisniewski,false
432,Seibt,false
433,youtube,false
434,krachten,false
440,Giglinger,false
441,repubica,false
442,Wichmann,false
443,facebook,false
444,Stever,false
447,Lotter,false
449,Schumpeter,false
450,ATEM,false
451,ARD,false
452,einsplus,false
453,SWR,false
454,ZDF,false
456,BBC,false
457,Reißmann,false
458,mittendrin,false
461,human,false
462,rights,false
463,Querdenker,false
465,Knothe,false
466,storytelling,false
467,mcluhan,false
468,government,false
469,surveillance,false
470,Dähne,false
471,Constantin,false
472,Tages,false
473,Anzeiger,false
474,Herbert,false
475,Braun,false
476,werbung,false
505,Therapie,false
506,Müller,false
507,Theocharous,false
508,Medienportal,false
509,Nani,false
510,Jansen,false
511,Cordes,false
512,Wahbe,false
513,Uzan,false
515,Rübsamen,false
516,Joab,false
517,Nist,false
519,Marlis,false
520,Prinzing,false
550,Löning,false
551,Bundesregierung,false
553,Jean,false
554,NGO,false
555,Elmar,false
557,Friedemann,false
558,Johnny,false
559,Gaiabase,false
560,Parker,false
561,Frederike,false
562,Bühler,false
563,Kramm,false
564,Moody,false
565,Susanne,false
566,Mierau,false
567,Familie,false
568,Evgeny,false
570,Kloiber,false
571,Kaufmann,false
572,democracy,false
574,blog,false
575,Reuss,false
576,Cammarata,false
577,Trautwein,false
578,Kazansky,false
579,Rahman,false
580,Anatol,false
582,Wertvorstellungen,false
583,Lizar,false
584,Maas,false
585,Heise,false
586,Gedichte,false
587,montag,false
588,Spielkamp,false
589,Fischer,false
590,Hankey,false
591,Lemma,false
592,Almasri,false
593,censorship,false
594,Ron,false
596,Holm,false
597,Friebe,false
598,Action,false
599,Bias,false
600,York,false
601,Netzpolitik,false
602,Krüger,false
603,Hösl,false
604,Tatiana,false
605,Bazzichelli,false
606,critics,false
607,Krieg,false
609,Jacob,false
610,Appelbaum,false
624,x,false
625,Julian,false
626,test2,false
627,Tom,false
999,Demokratiekritik,false
1000,Badiou,false
995,roleplaying,false
996,beginners,false
1005,Marx,false
1007,Nigro,false
1050,Bandyopadhyay,false
1216,Dennis,false
1217,Wilson,false
1218,WebDev,false
1245,Greitens,false
1284,Anwendung,false
1285,Karl-J.,false
1286,Wack,false
1287,Wahrheit,false
1288,Wießeckel,false
1301,Wald,false
1302,2nd,false
1303,4th,false
1315,te+,false
1356,Publikumsrat,false
1357,christine,false
1358,horz,false
1360,Sabine,false
1362,ÖRR,false
1363,Fernsehrat,false
1365,GEZ,false
1366,Gebühren,false
1367,Rundfunkbeitrag,false
1368,Publikum,false
1387,Foo,false
1390,fdasf,false
1391,fdfas,false
1459,Tim,false
1460,Paige,false
1462,Unsworth,false
1501,Christian Gross,false
1502,Sven Haiges,false
1543,Transwomenofcolor,false
1544,TWOCCofGreaterNY,false
1545,LourdesAshleyHunter,false
2015,soliloquy,false
2017,dailyquotes,false
2023,proactive,false
2024,truth,false
1339,books.,false
310,dienstag,false
311,tuesday,false
2674,digitalisierung,false
2637,opentech,false
2417,Kontingenz,false
2059,teststream,false
2060,6,false
2061,8,false
2062,behringer,false
2086,Bürgerrecht,false
2087,Schweiz,false
2110,Richard,false
2111,Gutjahr,false
2112,Blogging,false
2115,blogs,false
2149,On,false
2156,Zeuge,false
2157,ZGW,false
2210,zeitgenössische,false
2211,Räumlichkeit,false
2224,philologie,false
2225,Musikologie,false
2227,Sänger,false
2228,Vokalmusik,false
2229,künstlerische,false
2254,Medialität,false
2255,Performaz,false
2257,Interpret,false
2273,adsf,false
2281,discussions,false
2288,Serenity,false
10,foobar,false
19,treffpunkte,false
34,cool-tags,false
45,Galaxie,false
60,lilly,false
71,asdf,false
134,testing!,false
136,machines,false
137,ÖH,false
138,WU,false
151,Subkultur,false
152,Bewegungen,false
159,t,false
160,est,false
162,now,false
163,live,false
165,dio,false
166,doo,false
206,MFDAVIDDEERY,false
2350,peformance,false
2387,flash,false
327,Erziehung,false
330,Stockmann,false
331,Krell,false
332,Brandes,false
333,Kraska,false
334,Horndasch,false
335,Stieve,false
336,Pritlove,false
337,summary,false
338,Horn,false
353,Mazzara,false
366,Ohrndorf,false
378,Coppens,false
379,Meister,false
380,Biselli,false
381,newthinking,false
382,Romaniuk,false
384,5,false
385,Ukraine,false
386,Russia,false
387,Bröckerhoff,false
388,Beetz,false
389,Spangenberg,false
478,Schultheis,false
479,Niggemeier,false
480,Torsten,false
481,Kleinz,false
482,klicks,false
483,Quote,false
484,Vollmar,false
486,Goemmel,false
487,Giesler,false
488,ZEIT,false
489,thesen,false
490,Anthony,false
491,Zistl,false
492,Grzeszyk,false
493,Beate,false
494,Wedekind,false
495,TheNewAfrica,false
496,Rehder,false
497,Jäger,false
499,Brunmayr,false
500,Cromwell,false
501,content,false
503,Kopp,false
504,Moser,false
514,Brasilien,false
527,Automatisierung,false
542,Behrends,false
569,Morozov,false
581,Stefanowitsch,false
595,Deibert,false
1065,Sof,false
1066,Sofar,false
1345,Computer,false
1359,schiffer,false
1369,Medienmanipulation,false
1388,hjkhljklh,false
1418,Dubus,false
1419,Essays,false
1425,microphones,false
1426,microphone,false
1427,podcster,false
1428,rode,false
1429,RØDE,false
1430,sennheiser,false
1439,movment,false
2552,Buchpremiere,false
2553,Eva,false
2554,Ruth,false
2555,Wemme,false
2565,Buchpremiere Eva Ruth Wemme Literatur READ!BERLIN,false
2558,Gastarbeiter,false
2868,kultur africa art antikolonialismus kunst theater hamburg pop-kultur,false
286,movies,false
2688,CEO,false
2699,Global,false
2856,law,false
502,creativity,false
2418,Home,false
2852,animation,false
2851,hamburg,false
2608,#FacebookRelationships,false
2607,#FacebookBreakups,false
2606,#ReggieHasASpeciality,false
2472,TerrellWilsonFoundation,false
2471,Center,false
2459,Infopower,false
2446,History,false
2433,olympia,false
2380,Rev.LindaHerzer,false
2340,Sexology,false
2189,Crowdinvesting,false
1812,lea randolph,false
1811,lgbtq web series,false
1810,lesbian writers,false
1808,petition,false
1690,mylesbianradio.com,false
1689,the lesbian lounge,false
2282,Performanz,false
2280,inspiration,false
2275,wind,false
2269,GAEquality,false
2264,Advocates,false
2251,Wien,false
2245,Chor,false
2243,Körper,false
2215,WErkästhetik,false
2209,Material,false
2203,Eötvös,false
2190,Crowdlending,false
2188,Crowdfunding,false
2187,Selbstzensur,false
2186,BND,false
2184,performativität,false
2180,sexual positions,false
2168,Quadrupelkonzert,false
2165,Westsahara,false
2153,Dowell-VestMerge,false
2152,Dowell-VestTeresa,false
2140,datingwithadisability,false
2123,transhealthcare,false
2120,Witcher,false
2107,DeputyPatriciaLundy,false
2105,lawenforcementdomesticviolence,false
2103,#7,false
2098,#5,false
2063,BreastCancer,false
2044,historische_Epistemologie,false
2031,WombHealing,false
1992,production,false
1984,textile,false
1957,african american,false
1942,the evolution of the purrl,false
1909,psychoeducational assessment,false
1878,transition 101,false
1849,national student bill of rights,false
1845,transgender thursday,false
1832,lgtbq,false
1795,move the world productions,false
1785,at risk youth mentor,false
1773,transgender issues,false
1758,womens history month,false
1741,#maydaygaequality,false
1729,recovery,false
1724,roberts financial solutions,false
1707,alzheimer disorder,false
1696,sexual assault,false
1660,traveling with a disability,false
1635,transgender priviledge,false
1599,intimate partner homicide,false
1515,Alexander Casall,false
1506,Thomas Eichstädt-Engelen,false
1499,Javier Martinez,false
1487,Broadcast,false
1469,SoulFoodSundays,false
1455,entreprenauer,false
1454,skateboarding,false
1453,skateboard,false
1451,FOR PODCASTERS,false
1446,meaning,false
1444,owner,false
1443,trucking,false
1442,rutherford,false
1441,kevin,false
1434,metaphysik,false
1415,omposition,false
1413,hi,false
1412,Helmut,false
1411,Konzeptuzalisus,false
1327,Spitzenkandidaten,false
1313,helsinki,false
1299,Hasso Plattner Design Thinking Research Program (HPDTRP),false
1298,Potsdam/Stanford,false
1269,Jackentasche,false
1228,verkaufen,false
1227,Webdesign,false
1223,Wars,false
1222,Browser,false
1207,Europawahl,false
1186,Presented by Katja Dietrich-Kröck,false
1177,Moderation Max from Remake: u.a. mit Hans Venhuizen,false
1125,Kunsthochschule Weißensee: Weena Lee,false
1117,Farkašová,false
1103,sculpture,false
1092,Weber,false
1079,Jessy Medernach,false
1014,Woodland Circus,false
1013,Jackson Dyer,false
1012,bands,false
985,(Linux-Magazin),false
973,Tablets,false
969,IT-Infrastruktur,false
959,Embedded-Linux,false
935,Haase,false
903,Manifesto,false
890,Friedrichhain-Kreuzberg,false
879,logging,false
865,Logstash,false
850,RESTful,false
806,OAuth2,false
805,SCIMv2,false
804,OSIAM,false
798,your,false
797,secure,false
788,Verschlüsselung,false
782,TLS-Verschlüsselung,false
774,Heinlein,false
761,OpenPGP,false
747,Hans-Jürgen,false
728,Raspberry,false
637,Marowsky-,false
548,...good,false
460,protest,false
197,feminism,false
191,Nicolas_Tzortzis,false
149,Menschen,false
132,Fallschirm,false
112,Johannes_Kreidler,false
98,economics,false
84,dancehall,false
58,space,false
2850,innovaton,false
2849,cityleaks,false
2848,goal,false
2847,Project,false
2846,amazon,false
2845,spanish,false
2844,bookmarket,false
2843,economy,false
2783,Raum für Kunst und Diskurs,false
2781,Anfanglosigkeit,false
2780,Johannes Kreidler,false
2802,futuramen,false
2801,caseyspooner,false
2800,fischerspooner,false
2799,Project Space Kunst Kultur,false
2365,S&DCoffeeContest,false
2798,Frankfurt am Main,false
2797,BI OPEN,false
2796,slides,false
2795,incubators,false
2794,hare,false
1440,movement,false
2792,wiedemann,false
2791,afrika,false
2790,africa,false
2789,Proteste,false
2788,Blogger,false
2787,Istanbul,false
133,!testing,false
2779,Kurdischer Widerstand,false
2778,Direnis,false
2776,Bewegung,false
2775,Sozialer Wandel,false
2774,Kurdisch,false
2768,#agononism,false
2767,#democracy,false
2766,#crisis,false
1338,writer,false
2738,Voice Republic,false
2737,support,false
2867,kunst africa performance art contemporary theatre multikulturalismus,false
2866,Kolonialismus,false
2865,resistance,false
2864,disrupt,false
2863,hacktivism,false
2862,laura poitras,false
2861,jacob applebaum,false
1416,reading,false
2860,Gesundheit Charité Médecins du Monde International Humanitaet migration loesung grenzen politik armut krieg Europa,false
2859,Konferenz Berlin Globalisierung Fluechtlinge,false
2857,Devgamm,false
2842,latin america,false
2841,Hallyu,false
2840,South Korea,false
2839,publish,false
2838,Kommunikation,false
2837,medienbranche,false
2835,industry,false
2834,learning,false
2827,Ken Follet,false
2786,Gezi,false
2676,Postkoloniale_Gesellschaft,false
2669,Finanzmarkt,false
2641,berln,false
2584,women humanrights feminism indigenous MariaMunozMaraver #WILPF100 #WSW2015,false
2581,therapy,false
2580,worry,false
2579,anxiety,false
2578,lonely,false
2577,stress,false
2576,Eating,false
2575,rest,false
2574,ajax,false
2573,events,false
2572,zhaw jquery web2,false
2569,fs15,false
2567,Kultur Kunst Technologie,false
2564,berlin Literaturfestival READ!BERLIN Lesung Flüchtlinge Syrien,false
2560,dieting stress,false
2544,Poetry Slam,false
2543,Wutbürger,false
2542,Ringelnatz,false
2541,Lobbyismus,false
2540,Generationenroman,false
2539,Rassismus,false
2538,Neukölln,false
2537,Kriminalität,false
2536,Twitter,false
2535,SMS,false
2534,Krimi,false
2533,Großstadt,false
2532,Lebensgefühl,false
2529,NS-Zeit,false
2528,Sinti,false
2527,Roma,false
2526,Nachkriegszeit,false
2525,AfD,false
2523,Frauen,false
2522,Jugend,false
2521,Charité,false
2520,Schafmedizin,false
2519,Schlaf,false
2518,Salon,false
2507,#EU_Salon3,false
2506,#Populismus,false
2478,Positive Thinking,false
2477,Change,false
2476,Happy,false
2475,Happiness,false
2474,CommunityConnections,false
2473,TracyWilsonCEO,false
2470,Juxtaposed,false
2469,TraceeMcDaniel,false
2468,StandUp,false
2467,ComedianTyDarensburg,false
2466,SingleMomHomeschooling,false
2465,drannisemabry.com,false
2464,iHomeschoolNetwork.com,false
2463,LatoyaEdwards.net,false
2462,SingleParentHomeschooling,false
2461,#TTIP,false
2460,#Freihandelsabkommen,false
2458,Biomacht,false
2457,Biopower,false
2456,Critique,false
2455,Historisieren,false
2454,Materialismus,false
2453,Focault,false
2452,Ideengeschichte,false
2451,Historiker,false
2450,Kybernetik,false
2449,Baudrillard,false
2447,Sodomy,false
2445,Deleuze,false
2444,BoyScouting,false
2443,DenLeaderAmberCross,false
2442,Pack354ConyersGA,false
2441,CubScouts,false
2440,practice,false
2438,Sexual Tantra,false
2437,Tibetan Tantra,false
2436,Devi Ward,false
2435,Tantra,false
2434,Renner,false
2431,Kalter_Krieg,false
2430,Maoism,false
2428,BestFriends,false
2427,Back2UsShow,false
2426,AnniseMabry,false
2425,RachelSanchez,false
2424,MelvinWhitehead,false
2423,HicunniChandler,false
2422,Alliance,false
2421,Needs,false
2420,Special,false
2419,Educators,false
2414,Begriffsgeschichte,false
2409,Dekonstruktion,false
2408,Wissensgesellschaft,false
2407,Wissensforschung,false
2405,local,false
2395,massimo,false
2386,UsedHomeschoolCurriculum,false
2384,HomeschoolBuyersCo-op,false
2383,Time4Learning,false
2382,Homeschool,false
2381,RomanticRelationships,false
2379,TheElleTransit,false
2377,InsuranceClaims,false
2376,StateAutoInsurance,false
2375,HomeschoolQuestions,false
2373,HomeschoolDecisions,false
2364,socialmediacampaigns,false
2361,SexualAssaultonCampus,false
2343,homeinsuranceclaims,false
2324,strategies;,false
2322,inspiration;,false
2309,TimAustinMitchell,false
2306,#OKCMarriageEquality,false
2298,#knit,false
2295,#textile,false
2833,turkey,false
2831,China,false
2830,mexico,false
2829,Frankfut,false
2826,Entwicklung,false
2823,Industrie 4.0,false
2819,4.0,false
2817,Consulting,false
2814,Networking,false
2813,Female,false
2812,Telekom,false
2811,Coaching,false
2809,Trainerin,false
2808,Networks,false
2807,startup berlin,false
2806,B2B,false
2732,ccc,false
2731,panle,false
2547,Toys Kids & Baby,false
2551,Home Garden & Tools,false
2724,Gesellschaft schauspiel köln,false
2717,chubbi,false
2716,tag_me,false
2715,tokyo,false
2714,Taipei,false
2682,notags writer talk music books.,false
2678,DADA Kunst Kultur Musik,false
308,artist,false
2677,Postmigration,false
2675,Gesellschaft Politik digitalisierung IT,false
2673,Politik Gesellschaft digital cdu grünen spd Deutschland,false
2668,Social_Studies_of_Finance,false
2649,Gesellschaft Journalismus Wissen,false
772,Open-Source,false
2647,#Flüchtlinge,false
2646,#Thym,false
2645,#Schröder,false
2644,#Calliess,false
2643,#Burkhardt,false
2642,#Ballin,false
2510,#Menschenrechte,false
2509,#Entgrenzung,false
2508,#EU_Salon4,false
1373,information,false
1089,food,false
2636,Strafvollzug Gefängnis Krise,false
2631,food information culture consumption,false
2629,republica conference Konferenz,false
2628,republica health Gesundheit,false
2625,republica research Forschung education Bildung,false
2612,#ComedianDavidYoung,false
2611,#ComedianReggieJackson,false
2610,#AndrewBrown,false
2609,#FacebookFriendships,false
2605,#DavidChappelle,false
2604,#MysteryProject,false
2603,#AngerTranslator,false
2602,#NationalCorrespondentsDinner,false
2601,#BeatFace,false
2600,#Transgender,false
2764,marschenbauamt,false
2763,küstenschutz,false
2762,sophien-magdalenen-koog,false
2761,reussenköge,false
2760,hamburger hallig,false
2759,trischendamm,false
2758,trischen,false
2757,theodor storm,false
2756,wattenmeer,false
2755,deichgraf,false
2754,deich,false
2753,nordsee,false
2752,Teamwork,false
2750,Designing,false
2744,Digital work,false
2743,Business model,false
459,app,false
2741,Trebor Scholz,false
2740,Sharing Economy,false
2739,glaube,false
2599,#BruceJenner,false
1757,meka rea,false
1809,louie gohmert,false
1819,transgender health care,false
1838,the teamsters national black caucus,false
1855,marcel terrell xstudcee,false
1880,transgender support,false
1893,teresa dowell vest,false
1907,comedian clayton english,false
1927,anita anthonj,false
1939,invisible lesbian,false
1955,mpower productions,false
1996,Computerspielmuseum,false
2029,SexualLiberationCollective,false
2030,SacredSpotMassage,false
2067,CancerSurvivor,false
2082,Gesetze,false
2093,underscore,false
8,b,false
9,c,false
15,1,false
16,2,false
26,ich,false
73,sustainability,false
74,platoon,false
78,i,false
85,hiphop,false
86,hip,false
87,hop,false
88,pop,false
89,gitarre,false
90,guitar,false
91,acoustic,false
92,street,false
93,team,false
97,money,false
105,autoren,false
109,questions,false
114,simon,false
115,grohé,false
116,ephraim,false
117,juda,false
118,benjie,false
120,that,false
121,moves,false
122,you,false
123,news,false
125,schreiben,false
126,lesen,false
2336,pheromone,false
2337,Dr. Cathy Emeruwa,false
2338,HealthyHabits,false
2339,CelebritySexDoctor,false
2341,homeowner,false
181,Jean_Paul,false
182,Alex_Buess,false
183,Charles_Ives,false
184,Bernd_Alois_Zimmermann,false
185,Alvin_Lucier,false
186,Sam_Pluta,false
187,Katharina_Rosenberger,false
188,Adam_Mirza,false
189,Eric_Wubbels,false
190,Victor_Adan,false
192,Ales_Buess,false
193,Ying_Wang,false
214,mindblown,false
215,amazing,false
216,wow,false
230,Henry Smith,false
232,telenovella,false
237,Virtual,false
238,Reality,false
241,Raquel_Meyers,false
245,Cara_Ellison,false
246,Jonathan Blow,false
248,David_Calvo,false
249,Petri,false
250,Purho,false
252,Major_Bueno,false
253,Chris_Priestman,false
254,Rilla_Khaled,false
257,Nils_Bokelberg,false
258,game,false
259,barr,false
260,Pedro,false
261,Lopes,false
266,Jeschke,false
275,INMM,false
277,Huber,false
278,Seidl,false
280,Ablinger,false
283,sprachpolitik,false
284,films,false
288,noah,false
289,re:publica,false
294,wilber,false
295,permaculture,false
296,Þórgnýr,false
300,typpi,false
302,soziale_netzwerke,false
303,Kommentar,false
304,Kinder,false
305,Beziehung,false
306,Usability,false
307,VR,false
2344,DrCathy,false
2345,Increaseyourlibido,false
2346,SexualWellness,false
2347,SexualDysfunction,false
2348,soundart,false
2349,Atoui,false
347,David,false
368,stage,false
369,D,false
373,De,false
398,Schiller,false
405,Roth,false
437,beauty,false
439,beautyofbeauty,false
446,fotografie,false
448,Ralf,false
521,Crowd,false
614,tes,false
615,Netz,false
616,Gossip,false
619,STS,false
622,Panoptikum,false
623,Macht,false
631,künst,false
636,Lars,false
638,Brée,false
639,(SUSE,false
736,Cedric,false
737,Bail,false
738,graphical,false
739,toolkit,false
743,Enlightenment,false
745,Libraries,false
746,EFL,false
748,Koch,false
749,Furtwangen,false
751,Couder,false
752,Code,false
753,git,false
754,github,false
757,Hauke,false
758,Laging,false
760,krypto,false
762,Cryptoparty,false
763,Kroah-Hartman,false
765,Weinandt,false
766,SSL,false
767,IT-Sicherheit,false
768,Klaus,false
769,Behrla,false
771,Job,false
773,Peer,false
775,Rundfeldt,false
777,TLS,false
781,DNSSec,false
784,Koetter,false
785,Carsten,false
786,Strotmann,false
787,SSL/TLS,false
789,DNS-Administrator,false
790,Crypto,false
791,Stick,false
793,Suhr,false
794,USB,false
795,key,false
820,Prinzinger,false
821,Christen,false
822,Privatsphähre,false
824,Mattias,false
825,Giese,false
826,administrator,false
827,dynamic,false
830,solution,false
831,Burkhard,false
832,Noltensmeier,false
833,Ansible,false
834,Konfiguration,false
835,Nico,false
837,configuration,false
840,FOSS,false
841,hacker,false
842,Jos,false
843,Vos,false
844,Hybrid,false
847,AngularJS,false
848,server,false
851,API's,false
852,RSYSLOG,false
854,Gerhards,false
855,Adiscon,false
857,Koopmann,false
858,Log,false
859,Analysis,false
860,Graylog2,false
861,TORCH,false
862,Bernd,false
863,Erk,false
866,Graphite,false
868,Frosch,false
871,C.,false
872,Staudemeyer,false
874,security of Web,false
875,Email,false
876,DHCP-services,false
877,Péter,false
880,Jan-Erik,false
916,Thorsten,false
917,Leemhuis,false
924,Stoidner,false
925,Stack,false
926,MySQL,false
927,Oli,false
928,Sennhauser,false
931,Meskes,false
933,Debian,false
934,Torben,false
936,REDS,false
937,AGPL,false
939,MongoDB,false
940,Neo4J,false
941,Endocode,false
942,Kleineweber,false
944,Zuse,false
947,Breitung,false
949,Management-Plattform,false
951,Schlomo,false
952,Schapiro,false
953,Boot,false
954,Loader,false
955,Versatile,false
958,Altenberg,false
960,Oliver,false
961,Rath,false
962,Desktop-Virtualisierung,false
963,Erkan,false
964,Yanar,false
965,Hypervisor,false
967,Sander,false
968,Clustered,false
970,Holger,false
971,Gantikow,false
972,Smartphones,false
976,Emmanuel,false
977,Baccelli,false
978,INRIA,false
979,Paris,false
980,France,false
982,Operating,false
983,RIOT,false
987,Ganten,false
988,Michelangelo,false
989,Guarise,false
990,UDOO,false
991,physical,false
992,GNU,false
994,actors,false
1003,FluxFM,false
1008,Yves,false
1009,Fauser,false
1015,Allie,false
1016,Kuya,false
1021,Limmat,false
1028,Inari,false
1029,Virkkala,false
1030,Kamps,false
1031,&,false
1032,design:,false
1033,Exibitors,false
1034,Oato,false
1035,Office:,false
1036,Pim,false
1038,H3L:,false
1039,Horacio,false
1040,Lardies,false
1041,Nightingale,false
1042,Armin Oberhollenzer,false
1043,E-Mobility,false
1045,Andrej,false
1046,Olah,false
1047,lowers for Slovakia: Michala Lipková,false
1048,BANDYOPADHYAY,false
1049,interior+communication:,false
1051,Elena Santi,false
1053,Muehlmann,false
1054,Urge Design: Gian Piero Giovannini,false
1056,Patricia,false
1057,Yasmine,false
1058,Graf,false
1085,Cucula,false
1087,Sy,false
1088,Refugees,false
1090,Glomb,false
1091,Rasa,false
1093,Rafael,false
1094,Strasser,false
1095,Laura,false
1096,Jungmann,false
1098,Ivan,false
1099,Zhang,false
1100,Véronique,false
1101,Baer,false
1102,foam,false
1104,Renate,false
1105,Nederpel,false
1106,Thinking:,false
1109,Prof.,false
1110,Ulrich,false
1114,René,false
1115,Baďura,false
1116,Elena,false
1118,in,false
1119,Zvolen,false
1120,Furniture,false
1121,Debbie,false
1122,Fraser,false
1126,student;,false
1127,Amelie,false
1128,Kainz,false
1129,Isabelle,false
1130,Duchamps,false
1132,Gabi,false
1133,Schillig,false
1134,Elizaveta,false
1135,Barsegova,false
1155,Hans,false
1156,Venhuizen,false
1157,Yena,false
1158,Young,false
1159,Jesper,false
1160,Jensen,false
1170,Vaillant,false
1171,Marta,false
1172,Alonso,false
1173,Yebra,false
1176,Grievink,false
1179,teaching,false
1180,Nikolai,false
1181,Koehler,false
1182,Gerlach,false
1183,Lasse,false
1184,Paulsen,false
1185,desig,false
1189,Professor of Design Basics,false
1190,Department of Design,false
1191,School of Applied Sciences Potsdam; Jan Gerlach,false
1192,Thingk,false
1193,Fons,false
1194,Hickmann,false
1195,Büsges,false
1196,Diskussionen,false
1199,IMB,false
1200,Hertha,false
1201,BSC,false
1202,Investition,false
1204,Ingo,false
1206,Ripsas,false
1208,Rudolph,false
1210,holistic,false
1211,Eröffnung,false
1212,webinale,false
1214,Meyen,false
1215,Strategy,false
1229,Lobacher,false
1230,Breaking,false
1231,Keeping,false
1232,native!,false
1235,Hemmert,false
1236,age,false
1238,YAML,false
1240,RESS,false
1244,Components,false
1246,Layout,false
1247,Keynote:,false
1275,Turbo,false
1276,Boost,false
1277,Website,false
1278,Tobias,false
1279,Zander,false
1280,Marcus,false
1282,Search,false
1283,SEO,false
1293,Gütesiegel,false
1294,consultations,false
1295,Wert,false
1296,Danjela,false
1297,Hüsam,false
1300,fussball,false
1304,Wolfermann,false
1305,CSS3,false
1306,Meyer,false
1307,Masoud,false
1308,Mamali,false
1309,Jackson,false
1310,Bond,false
1311,Studener,false
1312,Uber,false
1314,du,false
1316,#europa,false
1317,#schicksaleu,false
1318,#Juncker,false
1320,#Schulz,false
1321,#EP14,false
1322,Kommission,false
1323,Jean-Claude,false
1324,Juncker,false
1325,OpenEurope,false
1326,JEF,false
1328,EUCO,false
1329,freedom,false
1331,Julian Assange,false
1333,John Perry Barlow,false
1334,Edward,false
1335,Harrison,false
1336,Greenwald,false
1344,Chaos,false
1346,Club,false
1348,Reporter,false
1349,ohne,false
1350,Grenzen,false
1351,whistleblower,false
1352,Psychoanalyse,false
1353,Medienpolitik,false
1354,Medienkritik,false
1355,Publixphere,false
1364,Rundfunkrat,false
1371,Audioguide,false
1372,documentation,false
1375,Sessions,false
1378,Tête_à_Tête,false
1379,knowshop,false
1381,Hoerbuch,false
1389,fdfa,false
1395,KUNSTPROJEKT,false
1397,Konzept,false
1399,wende,false
1400,Konzeptmusik,false
1464,TekosCorner,false
1466,FratBoyz,false
1468,GrownWomansGuide,false
1470,LookAlive,false
1471,DjE,false
1472,Coachinglife,false
1475,FFTS,false
1478,Reiki,false
1479,EnergyHealing,false
1484,conversations,false
1486,discovery.,false
1488,Reviews,false
1493,Julien Vermillard,false
1494,Hans-Dieter Wehle,false
1495,Renate Franken,false
1497,Seven Haiges,false
1498,Sascha Wolter,false
1500,Wolfgang Henseler,false
1503,Sven Ruppert,false
1504,Chris Heilmann,false
1505,Paul Fremantle,false
1507,Benjamin Cabé,false
1508,Jan-Piet Mens,false
1509,Tim Park,false
1510,September,false
1512,Matthew Langham,false
1513,Markus Bokowsky,false
1514,Mostafa Akbari,false
1516,Christian Schäfer,false
1517,Michael Kleinhen,false
1518,Wolfgang Hensele,false
1520,Bastian Schramm,false
1521,Stefan Scheid,false
1522,Sebastian Meye,false
1523,Don Wibie,false
1524,Tim Par,false
1526,Globalisierung,false
1527,g,false
1528,texas,false
1531,story,false
1532,grandmother,false
1537,DanielleCoates,false
1540,Transexperience,false
1541,TyeWest,false
1550,MentalHealth,false
1551,Empowerment,false
1552,AlwaysinAutumn,false
1554,MorningCoffee,false
1555,NeoLSandja,false
1558,FTMFitnessWorld,false
1562,MarlaStewart,false
1563,EducationalActivist,false
1564,EducationalAdvocate,false
1565,DisabilityAdvocate,false
1567,mompreneur,false
1570,adolescent,false
1571,adolescentmentalillness,false
1572,severesocialanxietydisorder,false
1582,historic roswell,false
1583,bulloch hall,false
1584,smith plantation,false
1585,barrington hall,false
1587,mental health advocate,false
1591,ferguson,false
1592,mike brown,false
1593,agg on air,false
1595,hands up dont shoot,false
1598,intimate partner abuse,false
1600,leaving abusive relationship,false
1603,life coaching,false
1604,life coaching for men,false
1605,personal journey,false
1606,personal development,false
1607,economic power,false
1608,financial wellness,false
1609,tracee mcdaniel,false
1614,educational advocacy,false
1616,learning disabilities,false
1630,cis priviledge,false
1634,cisgender priviledge,false
1639,mia henderson,false
1640,twocc,false
1641,trans women of color,false
1643,candice the greatest,false
1649,bankruptcy,false
1651,chapter 7,false
1652,chapter 11,false
1653,chapter 13,false
1657,transitioning at work,false
1658,airline,false
1659,passengers with disabilities,false
1661,southwest airlines,false
1662,delta airlines,false
1671,dylan michael music,false
1672,dylan michael,false
1673,indie music,false
1674,lgbtq artist,false
1675,vandalized 2014,false
1678,reggie jackson,false
1679,improv comedy,false
1681,sex positive,false
1682,podcast monetization,false
1683,podcast interaction,false
1685,female friendships,false
1686,lesbian friendships,false
1688,dr. annise mabry,false
1691,lgbticons,false
1692,castn,false
1693,roger chalfin,false
1695,podcast load times,false
1697,survivors,false
1698,christa heilman,false
1699,nicole armstead,false
1700,androgynous,false
1702,vjay,false
1704,jody rose,false
1706,caregiver burnout,false
1708,elderly parents,false
1710,garden of peace,false
1711,red umbrella,false
1712,teko davis the model,false
1714,kb women of faith,false
1716,mental illness awareness,false
1717,nami,false
1718,chris kids,false
1719,naturpathic,false
1720,mother's day,false
1721,moms and family,false
1725,owen roberts,false
1726,financial advisor,false
1727,retirement planning,false
1730,collegiate recovery community,false
1731,university of alabama transgerder support group,false
1732,father's rights,false
1759,shaina webb,false
1760,missing person,false
1761,missing maryland woman,false
1765,masculine lesbians,false
1766,studs dating studs,false
1767,butch,false
1768,animal rescue,false
1769,pet rescue,false
1770,fundraiser 2014,false
1771,muttsandmore,false
1772,transgender employment,false
1774,jaan williams,false
1776,yearup progam,false
1777,transgender dating,false
1778,standpoint,false
1734,teko the model,false
1735,rappers,false
1736,female rapper,false
1737,rare neurological disorders,false
1738,gbs,false
1739,fundraiser,false
1740,cidp awareness,false
1743,neo l. sandja,false
1745,trans100,false
1746,we happy trans,false
1747,jen richards,false
1748,sheena,false
1749,lauruda brown johnson,false
1750,plays,false
1751,ebone bell,false
1752,tagg magazine,false
1753,josh burford,false
1754,queer prom,false
1755,taggfest/masquerade,false
1779,web series,false
1780,female correction officers,false
1781,grief,false
1782,stages of grief,false
1783,living after loss,false
1786,transphobia,false
1787,espn grantland,false
1788,gardenofpeaceproject,false
1790,kbiddy,false
1791,refracted reflections,false
1792,lgbtq writers,false
1793,lgbtq webseries,false
1796,becoming nick,false
1797,johanna mateo,false
1798,toni tantlinger,false
1799,kari's law,false
1800,loni fay jeschke,false
1801,enhanced 911,false
1802,kari rene hunt,false
1804,transgender resources,false
1805,translaw,false
1806,hips,false
1807,casa ruby,false
1813,minority women,false
1814,lez elegance,false
1815,bobbie z,false
1817,bisexual awareness,false
1818,back2us network,false
1820,enda,false
1821,tdor,false
1824,studs,false
1825,sexual abuse,false
1826,the narrow way,false
1827,chris lemig,false
1828,memoir,false
1830,lgbtqa,false
1831,lgbtq issues,false
1833,masculine identified lesbian,false
1834,lesbian glass ceiling,false
1836,tekos corner,false
1837,gary woods,false
1839,rick westbrook,false
1840,smiling knife music,false
1841,lostnfound youth,false
1842,gay kids,false
1843,amelia,false
1844,huff post,false
1846,cisgender privilege,false
1847,race privilege,false
1848,youth united for change,false
1850,saeda washington,false
1851,bully,false
1852,mean girl,false
1853,transitioning on the job,false
1856,april whittington distinguished masculinity,false
1858,author sharon d smith,false
1860,personal reflections,false
1861,corporate vision,false
1862,obamacare,false
1865,tomeeka d pegues,false
1866,trevian pegues,false
1867,officer wingo dallas police department,false
1868,aaron ingram,false
1869,add 2,false
1870,tale of two cities,false
1871,hip hop,false
1875,lesbian dating,false
1877,disabled dating,false
1879,family support,false
1881,shonda harris,false
1882,angele cooper,false
1883,aliyauna nykol,false
1884,dora robinson,false
1885,church hurt,false
1886,onyx keesha,false
1887,erica brooks,false
1888,god,false
1890,tony tone,false
1891,table talk,false
1894,masterpiece,false
1895,genesis superheros,false
1896,new project,false
1897,chaunte wayans,false
1898,karlos miller,false
1900,fitness,false
1901,nutrition,false
1902,sharon smith,false
1903,trainer,false
1904,imani evans,false
1905,tajir s hawkins,false
1906,monica roberts,false
1908,504 plan,false
1910,learning disabled,false
1912,annise mabry,false
1913,kens garner,false
1914,lesbian after marriage,false
1915,weekend lesbian,false
1916,married lesbian,false
1917,tabetha durham,false
1920,independent artist,false
1921,ta millen,false
1922,studsarein,false
1923,studs parents,false
1924,make me normal,false
1925,mitch mccabe,false
1926,fundraising,false
1928,strapped,false
1929,still strapped,false
1931,kim joyce,false
1932,voting rights act,false
1933,doma,false
1934,steezo,false
1936,femme lesbian,false
1937,kissa jo,false
1938,jay williams,false
1940,punany poet,false
1941,sweettoothmedia,false
1943,spoken word,false
1944,studvilletv,false
1945,sheri johnson,false
1946,african american lesbians,false
1947,deontazz,false
1948,webseries,false
1949,lgbtmeetpeople,false
1950,malissa boles,false
1951,studville,false
1952,b-natural,false
1953,nobel julz,false
1954,studzmen,false
1956,mannerizms,false
1958,opal book publishing,false
1959,corinthia kelley,false
1960,gentlewomanclothing,false
1961,tina crittenden,false
1962,civil union,false
1963,laura french,false
1964,power of attorney,false
1965,estate planning,false
1966,glbtq,false
1967,stereotypes,false
1968,general,false
1970,full,false
1971,moon,false
1973,klangforum,false
1974,urbu,false
1975,kune,false
1976,super,false
1977,career,false
1980,hardware makers,false
1982,pattern creators,false
1983,knitters,false
1985,manipulators,false
1986,exchange,false
1988,fair,false
1989,personalized,false
1991,technologies,false
1993,kids,false
1998,Andreas,false
1999,Lange,false
2000,computerspiele,false
2001,Höltgen,false
2009,DenkDiwan,false
2010,Mouthon,false
2011,Galerie,false
2021,opening,false
2022,businessmodel,false
2026,belle,false
2027,epoque,false
2034,transition,false
2035,mtf,false
2036,MS,false
2037,lifetransitions,false
2045,author,false
2046,published,false
2047,self-published,false
2056,#letters,false
2058,asdvaesd,false
2064,AuthorSharonD.Smith,false
2065,PinkPromise,false
2066,CancerHero,false
2068,BreastCancerResources,false
2069,CancerResources,false
2070,conservation,false
2071,me,false
2078,Epistemologie,false
2079,Ethik,false
2080,Praxis,false
2081,Staat,false
2083,Justice,false
2084,Gerechtigkeit,false
2085,Historiy,false
2088,3DTheBoss,false
2089,Telezhinsky,false
2090,(Ukraine),false
2091,Valentina,false
2092,Pattern,false
2094,MarionetteJS,false
2095,backbone,false
2099,#6,false
2101,create,false
2102,Series,false
2104,Upload-Fest,false
2106,intimatepartnerabuse,false
2108,MovingForwardMinistries,false
2114,templating,false
2117,Maciej Miasik,false
2118,Spiele,false
2119,Polen,false
2122,Iran,false
2124,Healthcareequality,false
2125,DanielleAskini,false
2127,guided,false
2134,serverside,false
2135,backend,false
2136,Amnesty,false
2137,Asyl,false
2141,RevBenaeIngram,false
2142,This,false
2143,married,false
2144,life#thismarriedlifeA,false
2146,Guide,false
2148,AirAGG,false
2150,airback2usBack2Us,false
2151,RadioMichelle,false
2154,PurgeMarriage,false
2159,Künstlergespräch,false
2160,selfhelp,false
2161,S4S,false
2162,GAY RIGHTS,false
2163,LGBTQDating,false
2164,DatingintheLGBTQcommunity,false
2166,Dieter,false
2167,Haldemann,false
2169,Musikhochschule,false
2172,politisch,false
2173,Debatte,false
2175,SexingDisabledBodies,false
2176,Sexwithadisability,false
2177,velvet lips,false
2178,sexabled,false
2179,cripconfessions,false
2181,goldenrule,false
2193,vokalpartitur,false
2196,Prosody,false
2198,Bass,false
2199,Mikrotonalität,false
2200,Stimmtechnik,false
2201,Experiment,false
2202,Ligeti,false
2204,Kurtág,false
2205,Ungarn,false
2206,Interpretation,false
2207,Interpretationsforschung,false
2208,Vokalkunst,false
2212,Chion,false
2213,Pinto,false
2214,Oper,false
2217,Chaya,false
2218,Czernowin,false
2219,auditiv,false
2220,innere,false
2221,Bühne,false
2222,Roy,false
2231,Autorschaft,false
2232,instrument,false
2234,Schreien,false
2235,Mikrointervalle,false
2236,Multiphonics,false
2237,Vibrato,false
2238,Register,false
2239,Beweglichkeit,false
2240,Gesang,false
2241,Spiel,false
2242,Berio,false
2244,Raum,false
2246,Schrei,false
2247,Geräusch,false
2248,Werk,false
2249,Ästhetik,false
2250,Rezeptionsgeschichte,false
2252,artistic,false
2253,transgression,false
2259,agg,false
2260,airagurlzguidea,false
2261,guideDC,false
2262,Cannabis,false
2263,CardsMMJ,false
2265,GroupMedical,false
2266,Cardsleagal,false
2267,Marijuna,false
2270,LiamMitchum,false
2271,WakeUpAugusta,false
2272,Transitioninginsmalltowns,false
2274,tetsche,false
2277,PetPeeves,false
2279,FirstYearofMarriage,false
2283,Komponieren,false
2284,stimmlich,false
2285,Kulturtheorei,false
2287,Nono,false
2289,#meshcon,false
2290,#glitchaus,false
2291,#jeff,false
2292,donaldson,false
2293,#judit,false
2294,eszter,false
2296,#design,false
2297,#digital,false
2299,#knits,false
2300,#glitch,false
2301,Tod,false
2302,Multioption,false
2303,race,false
2304,OurLoveisEqual,false
2305,#samesexmarriage,false
2307,RaceRelationsinAmerica,false
2308,RacisminAmerica,false
2310,TimMitchellMusic,false
2311,TimMitchellBand,false
2312,Blues,false
2313,Funk,false
2314,R&B,false
2315,Soul,false
2316,How,false
2317,change;,false
2318,self,false
2319,help;,false
2320,self-improvement;,false
2321,motivation;,false
2323,high,false
2325,spiritual;,false
2326,happiness;,false
2327,spirituality;,false
2328,personal,false
2329,growth;,false
2330,learn;,false
2331,transform;,false
2332,transformation;,false
2334,Sexual,false
82,streetteam,false
95,bier,false
104,short-story,false
119,hannover,false
130,Unterhaltung,false
142,Hörspiel,false
145,Wahlen,false
146,Bund,false
147,Bundestag,false
150,Roundtabletalk,false
153,Gäste,false
155,Liebe,false
157,Lovetalk,false
170,help,false
171,advice,false
174,audio,false
180,Visualization,false
217,didthisreallyhappen,false
235,dimovska,false
247,Dennis_Kogel,false
287,hollywood,false
318,serien,false
319,spoiler,false
320,kino,false
321,screwball,false
2351,Partch,false
2353,instruments,false
2354,MailFraud,false
2355,InsuranceFraud,false
2356,Insuranceslowpayments,false
2357,NicoleArmstead,false
2358,ChristaHeilman,false
2359,VictimRecoveryofD.C.,false
2360,SexualAssault,false
2363,Bürgerdialog,false
2366,ChefElenaLundy,false
2368,TransformingYourself,false
2369,HomeschoolAdvice,false
2372,HomeschoolDiversity,false
2385,HomeschoolClassifieds,false
2388,KennesawMountain,false
2389,TedsMontanaGrill,false
2396,scheffer,false
2397,dokumentarfilm,false
2398,GroggEducationalConsulting,false
2399,WomenHealingWomen,false
2400,Artefacting,false
2404,detroit,false
632,reflectismforum,false
641,Loschwitz,false
642,hastexo,false
643,Professional,false
644,Services,false
645,Keystone,false
647,Nova,false
648,or,false
649,Ceilometer,false
651,Fabio,false
652,M.,false
653,Di,false
657,Schönberger,false
658,Kanban,false
659,Thomas-Krenn.AG,false
660,Specialist,false
661,Giuseppe,false
726,Goswin,false
729,Pi,false
731,Tübingen,false
732,Alexander,false
733,Khryukin,false
734,OpenMandriva,false
735,ARM,false
744,Foundation,false
836,Schottelius,false
849,frameworks,false
864,Eventmanagement,false
878,Gyöngyösi,false
881,Stange,false
882,Interaction,false
883,Lab,false
884,(IDL),false
885,FH,false
886,Potsdam,false
887,SaSER,false
888,Jana,false
889,Borkamp,false
891,Open-Source-Arbeitsplätze,false
892,Verwaltung,false
893,Anika,false
894,Kehrer,false
895,Journalist,false
896,Edna,false
897,Kropp,false
901,Mikey,false
902,Ariel,false
905,Poettering,false
906,kdbus,false
907,Unix,false
908,Vetter,false
909,Graphics,false
910,Driver,false
912,Lucas,false
913,Stach,false
932,PostgreSQL,false
943,XtreemFS,false
957,PXELINUX,false
984,Kleinert,false
1010,Architecture,false
1024,Volkshaus,false
1037,Snijdoodt,false
1044,Flowers for Slovakia: Michala Lipková,false
1060,Seibert,false
1061,Award,false
1062,Jury,false
1063,presenting,false
1064,winners,false
1067,Cambodia,false
1069,Lina,false
1070,Alorabi,false
1071,Krishan,false
1072,Jagota,false
1075,Müll,false
1076,Garbage,false
1077,Verboom,false
1078,Sebastian Däschle,false
1080,Ali Maiga Nouhou,false
1081,Malik Agachi,false
1082,Maiga Chamseddine,false
1083,Saidou,false
1084,Moussa,false
1086,Corinna,false
1111,Weinberg,false
1123,Belfast,false
1188,Ministry for Economic and European Affairs of the County of Brandenburg; Prof. Alexandra Martini,false
1243,Server-side,false
1248,Desgin,false
1249,Claire,false
1250,Rowland,false
1251,mithilfe,false
1252,Case,false
1253,Study,false
1254,Apple,false
1255,Samsung,false
1256,HTC,false
1257,Windows,false
1258,Customer,false
1259,pay,false
1260,Budget!,false
1261,Webdesign:,false
1262,Freiheiten,false
1263,CSS3-Flexbox-Modell,false
1264,Rozek,false
1266,Drummond,false
1267,Seign,false
1268,WM,false
1270,Edna Kropp,false
1271,Input,false
1272,Zugänglichkeit,false
1273,User,false
1274,Experience,false
1281,Tandler,false
1332,Renata Avil,false
1401,composer,false
1404,Msuik,false
1405,Aktualität,false
1406,conceptualism,false
1407,Konzeptualismus,false
1422,semantik,false
1424,serielle,false
1431,Honza,false
1432,Král,false
1433,sampler,false
1435,Grüne,false
1436,Partei,false
1437,globalization,false
1452,PODCASTERS,false
1476,EmotionalFitness,false
1525,Sven Rupper,false
1553,Strappedtheseries,false
1566,SmallBusinessOwner,false
1581,roswell homeschool days,false
1589,julian harris,false
1596,abusive relationships,false
1610,transitions memoirs of a transexual woman,false
1631,socioeconomic priviledge,false
1650,angel van wieren,false
1680,sexual orientation,false
1694,podcast discovery,false
1709,special needs children,false
1733,king layne,false
2479,Inner Peace,false
2480,SelfLove,false
2501,#EU_Salon2,false
2504,#EuropäischesParlament,false
2556,Harmonie,false
2557,Hybris,false
2559,Weight Loss Stories Stress Addiction diet eating,false
2561,dieting,false
2563,berlin Literaturfestival READ!BERLIN Lesung NS-Zeit Boxen Sinti Trollmann,false
2566,berlin Literaturfestival READ!BERLIN Lesung Migration Gastarbeiter,false
2498,#WSW2015,false
2499,#WILPF100,false
2593,HR,false
2595,PercyCramer,false
2596,ChristianHeck,false
2230,Tanz,false
2803,predigt bibel,false
2121,Revolution,false
2745,Activism,false
2816,Partnering,false
285,books,false
2854,startupnight,false
2742,Platform,false
2268,EmElliot,false
2820,Hardware,false
2571,jquery,false
2570,tdd,false
2524,Erotik,false
2511,#Migrationspolitik,false
2505,#EU_Salon1,false
2497,#DripDrop,false
2496,#Empire,false
2495,#ButtertheMovie,false
2494,#SingingLawyersTheMusical,false
2493,#FogodeChao,false
2492,#KoolRunningsRestaurant,false
2491,#BananaTreeRestaurant,false
2490,#Starbucks,false
2448,Counter_Culture,false
2432,technoglogy,false
2410,Genealogie,false
2378,Comedypodcast,false
2374,HomeschoolCurriculum,false
2362,TTIP,false
2276,TeresaDowell-Vest,false
2185,singen,false
2039,lecture,false
1981,fashion designers,false
1930,stud for stud,false
1892,shirts vs skins,false
1816,lgbtq education,false
1756,april whittington,false
1617,learning disorders,false
1534,TyGalloway,false
1456,agurlzguide,false
1347,NSA-Skandal,false
1225,Grochtdreis,false
1224,Jens,false
1209,Rechtspopulismus,false
1018,dialog,false
1011,concert,false
803,krille,false
801,von Andreas Grau (tarent solutions GmbH),false
438,photographyplayground,false
1408,Online,false
30,Zukunft,false
124,fans,false
1022,Verlag,false
218,pr,false
2158,Asien,false
2828,Visionen,false
169,germany,false
154,International,false
911,3D,false
2822,Hightech,false
2804,Sales,false
997,Nemtsov,false
2648,#Podiumsdiskussion,false
110,Konzeptkunst,false
1979,Software developers,false
2793,play,false
2769,türkei,false
2503,#Demokratie,false
2749,Organizations,false
2751,Impact,false
1987,ideas,false
1889,religion,false
1330,wikileaks,false
776,NSA-Affäre,false
2403,köln,false
309,künstler,false
404,Journalismus,false
1872,table talk with reggie jackson,false
4,Ontologie,false
5,Relativitaet,false
75,remake,false
79,urban,false
80,tree,false
83,reggae,false
96,bitcoin,false
102,Zürich,false
129,Gespräche,false
131,Komponist,false
198,uterus,false
225,masterclass,false
228,festival,false
233,tv,false
240,discussion,false
263,Schüttler,false
281,edward_snowden,false
292,consciousness,false
297,iceland,false
298,reykjavík,false
312,sascha,false
618,BigData,false
621,Überwachung,false
635,Hacking,false
778,DANE,false
779,DNS,false
828,software,false
853,Rainer,false
856,Lennart,false
867,Markus,false
869,Icinga,false
870,Monitoring,false
930,Dr.,false
938,Fricke,false
946,Storage,false
948,Cloud,false
956,Booten,false
966,Robert,false
974,Android,false
975,iOS,false
986,Peter,false
993,acting,false
1001,GSC,false
1004,theory,false
1019,Lesungen,false
1020,Schriftsteller,false
1052,OpenDesignItalia,false
1055,designer,false
1112,Hasso,false
1113,Plattner,false
1174,nature,false
1187,Consultant for Creative Industries,false
1197,Hochschule,false
1205,Sven,false
1213,Sebastian,false
1233,HTML,false
1234,UI,false
1237,RWD,false
1239,CSS,false
1241,-,false
1242,and,false
1290,artbutfair,false
1291,Gagen,false
1340,roman,false
1341,wau,false
1342,holland,false
1343,computer,false
1370,Musiktheater,false
1386,Tag,false
1396,Stefan,false
1409,Konstellationen,false
1463,TekoDavis,false
1473,KellyLynnPrime,false
1474,FitnessfortheSoul,false
1477,GuidedMeditation,false
1482,LifeCoach,false
1485,emotional,false
1489,peopleofbeta,false
1492,Avi Itzkovitch,false
1496,Friedrich Vollmar,false
1519,Chris Heilman,false
1529,handless,false
1530,maiden,false
1535,LiveComedy,false
1548,SharonD.Smith,false
1556,JodyRose,false
1559,Transman,false
1569,CIDP,false
1602,sex education,false
1611,danielle coates,false
1612,gabrielle claiborne,false
1613,iep,false
1615,special needs,false
1621,nitra wisdom,false
1622,breaking patterns,false
1628,transprivilege,false
1632,race priviledge,false
1636,marla stewart,false
1637,sex positive education,false
1646,marriage,false
1647,same sex marriage,false
1656,employment discrimination,false
1665,transgender relationships,false
1687,author sharon d. smith,false
1701,nikki eason,false
1703,neo sandja,false
1705,ftm fitness world,false
1715,mental illness,false
1723,financial planning,false
1762,female inmates,false
1763,women offenders,false
1742,#marriageequality,false
1784,motivation,false
1794,back2us show,false
1829,bobbie zenker,false
1857,masculine identified lesbians,false
1863,insurance,false
1873,heaven beatbox,false
1874,disability,false
1876,online dating,false
1911,sharon d smith,false
1918,marquita millen,false
1919,kathleen davis,false
1935,lesbian relationships,false
1969,noise,false
1978,f,false
2002,DaveYoung,false
2005,lgbtqlongdistancerelationships,false
2012,Stephan,false
2013,Witschi,false
2014,publicbreakups,false
2016,psychology,false
2018,gamedesign,false
2025,sports,false
2032,Carpool,false
2042,nodejs,false
2096,Dr.AnniseMabry,false
2116,HookahHideaway,false
2145,Gurlz,false
2147,on,false
2171,Europa,false
2216,Rezeption,false
2233,Flüstern,false
139,Gegenwartsdiagnose,false
143,Brecht,false
156,Geschichte,false
262,Diesseitigkeit,false
313,lobo,false
322,z,false
2394,campus,false
2401,Cat,false
2402,cologne,false
556,Snowden,false
620,Soziologie,false
640,Products,false
646,Neutron,false
654,Red,false
655,hat,false
656,Georg,false
730,University,false
823,Datenschutz,false
898,Nicole,false
899,Charlier,false
900,UX,false
914,Nils,false
915,Magnus,false
1059,Fabian,false
1073,India,false
1074,Indien,false
1097,Talents,false
1175,Hendrik-Jan,false
1265,Sarah,false
1292,Selbstverpflichtung,false
1398,Gehaltsästhetik,false
1402,Sound,false
1403,forum,false
1421,Tonband,false
1538,GabrielleClaiborne,false
1319,#Europawahl,false
65,theorie,false
2413,Migration,false
267,developers,false
2836,publisher,false
2748,Design thinking,false
2626,republica CityOfTheFuture StadtDerZukunft,false
2439,transformation,false
2278,Relationships,false
2174,Freihandelsabkommen,false
2155,TableTalkRadio,false
1549,Advocacy,false
1068,Exhibitors,false
1017,krautreporter,false
1002,GameScienceCenter,false
998,Kulturtheorie,false
945,Institute,false
819,Michael,false
802,Thomas,false
800,life,false
538,Buchmarkt,false
2832,e-book,false
1131,Start-Up,false
2777,Widerstand,false
103,writing,false
1124,School,false
2667,ökonomie,false
2502,#EU,false
2006,realityoflgbtqlongdistancerelationships,false
94,label,false
100,Ensemble,false
2333,Womenandsexualdisorders,false
2342,homeownerinsurance,false
211,men,false
234,film,false
264,Lachenmann,false
2352,musikfabrik,false
357,Daniel,false
435,reflectism,false
573,EU,false
628,synthesizer,false
740,for,false
742,things,false
780,und,false
783,Patrick,false
792,Jan,false
796,to,false
829,deployment,false
839,system,false
929,Big,false
950,Computing,false
1025,Buchhandlung,false
1027,dmy,false
1337,Community,false
1374,toa,false
1393,Hörbuch,false
1467,LakaraFoster,false
1483,#ThisMarriedLife,false
1557,FTM,false
1663,dating,false
1601,emotional intimacy,false
1619,michelle alexander dowell vest,false
1629,cisgender,false
1666,interracial relationships,false
1670,michelle a. dowell-vest,false
1713,kb,false
1722,michael david battle,false
1728,transgender awareness,false
1764,lesbian,false
1835,benny ingram,false
1859,back2us radio network,false
2008,Kunsttheorie,false
1997,museum,false
2003,longdistancerelationship,false
2041,javascript,false
2043,backbonejs,false
2049,HeavenBeatBox,false
2057,#podcasting4change,false
2097,Upload,false
2335,Menandsexualdisorders,false
135,with,false
2371,HomeschoolingSpecialNeedsChildren,false
1664,interracial dating,false
552,NSA,false
1423,USA,false
2858,Conference Berlin Social Medicin Health Charite Refugees Globalisation Europe war poverty activism migration economy democracy,false
2627,republica record Musicday,false
2516,Lebensführung,false
2004,lesbianlongdistancerelationship,false
1684,friendship,false
1568,homeschooling,false
1392,Vorgelesen,false
1226,Responsive,false
633,#berlin,false
873,Network,false
1161,social,false
202,literature,false
2821,Trends,false
315,kreidler,false
2406,Testfile,false
148,Deutschland,false
2735,asiapacificweeks,false
113,artists,false
2618,Integration postmigrantische_Gesellschaft Migration,false
2624,republica Business Innovation Wirtschaft,false
2620,republica media Medien,false
2621,republica media Medien Convention,false
7,a,false
53,Diskurs,false
111,Neue_Musik,false
265,Frank,false
291,parenting,false
436,photography,false
741,of,false
764,Christoph,false
1108,power,false
1178,Brandenburg,false
1394,Darmstadt,false
1560,VelvetLips,false
1597,domestic violence,false
1667,lgbt,false
1775,psychic medium,false
1789,live broadcast,false
1822,lgbtq awareness,false
2007,Kritik,false
2019,creativebusiness,false
2054,AGurlzGuideonAir,false
2055,MichelleA.Dowell-Vest,false
2258,ImprovComedy,false
2286,Stille,false
158,Sex,false
161,radio,false
273,Darmstädter,false
314,johannes,false
2370,HomeschoolAdvicewithDrMabry,false
727,von,false
1438,podcasting,false
1491,Sebastian Meyen,false
1744,emotional wellness,false
219,marketing,false
2805,Strategie,false
2614,Mobility,false
2040,programming,false
2568,web2,false
2126,TheStrongStance,false
2033,Wissen,false
1561,VelvetLipsonAir,false
650,OpenStack,false
1203,Diskussion,false
2765,#greece,false
2615,Mobilität,false
2613,rethink,false
2623,republica science Wissenschaft Technology Technologie,false
54,Interview,false
210,women,false
177,the,false
179,data,false
196,gender,false
750,kernel,false
756,Source,false
1198,Recht,false
1547,DrAnniseMabry,false
1638,sexuality,false
1668,self help,false
1645,teko's corner,false
1854,vincent clark,false
2028,VelvetLipsLLC,false
2109,MarlaReneeStewart,false
759,Security,false
1445,success,false
106,buch,false
231,Keynote,false
2622,republica culture Kultur,false
1380,unconference,false
1384,Theodor,false
1410,Ferienkurse,false
1539,Transwomen,false
1586,mental health,false
1594,back2us,false
1823,energy healing,false
1465,Back2UsRadio,false
846,development,false
799,digital,false
224,indie,false
3,new_to_kluuu,false
1006,Philosophy,false
1542,Transmen,false
1642,back2us radio,false
1655,eli strong,false
1864,kats cafe,false
725,by,false
1136,betahaus,false
2020,publishing,false
2681,berlin conference Konferenz Asia Business culture Technology creativ future Knowledge,false
99,NeueMusik,false
72,testing,false
107,Podcast,false
1414,composition,false
2588,Gesundheit,false
1623,brown suga vibe,false
1624,grown woman guide to greatness,false
1625,dj e,false
1626,lakara foster,false
1627,soul food sundays,false
1677,self advocacy,false
2549,#WSW2015 #WILPF100,false
2113,web3,false
167,tech,false
1546,EliStrong,false
239,panel,false
1899,health,false
1026,talks,false
1481,Medium,false
2736,bibel,false
1803,meditation,false
2587,Musicday,false
2586,record,false
755,Open,false
1536,StandupComedy,false
175,new,false
1420,scelsi,false
2726,predigt,false
1654,tye west,false
1620,a gurlz guide on air,false
2810,Netzwerk,false
2617,zhaw programming web2,false
2170,Basel,false
2226,Musikwissenschaft,false
1676,healing,false
1382,Novelle,false
2072,MeshCon,false
2073,Konfernez,false
2074,TU,false
2075,Universtität,false
2183,Vokalität,false
2076,Foucault,false
2824,Frankfurt,false
67,Mode,false
1376,ignite_talk,false
1385,Storm,false
1633,lgbtq,false
2,newbie,false
52,Komposition,false
244,Gespräch,false
1383,Schimmelreiter,false
1511,mobiletech,false
2050,ComedianTyGalloway,false
2197,Sprache,false
2825,Buchmesse,false
229,2014,false
634,linux,false
1990,fashion,false
1,newcomer,false
64,art,false
2182,Performing,false
2192,Theatre,false
127,Literatur,false
2591,StadtDerZukunft,false
2590,CityOfTheFuture,false
427,speech,false
1490,internet of things,false
1618,a gurlz guide,false
2195,performer,false
2191,composed,false
1221,Mobile,false
226,videogames,false
223,independent,false
227,amaze,false
62,voice,false
108,Comedy,false
293,spirituality,false
1574,fitness for the soul,false
1575,soul fitness,false
1995,Stimme,false
2194,vocal,false
981,IoT,false
1644,teko davis,false
1669,michelle alexander,false
6,Philosophie,true
2038,zhaw,false
838,management,false
81,music,false
845,web,false
1994,Performance,false
144,Theater,false
1576,psychic readings,false
2853,conference hamburg games publisher art animation platform developer networking technology,false
168,startup,false
2513,READ!BERLIN,false
2512,Literaturfestival,false
1588,transgender,false
2048,ComedianDavidYoung,false
1533,ComedianReggieJackson,false
2680,creativ,false
2679,Asia,false
33,talk,false
340,Internet,false
2077,Knowledge,false
2619,republica politics Politik society Gesellschaft,false
221,notags,false
1023,Lesung,false
49,Neue,false
31,future,false
1578,comedianreggiej,false
1579,comedy improv,false
1580,standup comedy,false
1590,dj plush,false
1573,kelly lynn prime,false
2583,#WILPF100 #WSW2015,false
1480,Psychic,false
213,design,false
29,test,false
2589,Fashiontech,false
2585,Convention,false
51,Kunst,true
1577,comedian reggie jackson,false
611,Bildung,false
328,Forschung,false
326,research,false
290,education,false
2129,München,false
2132,Vorträge,false
2130,Enterprise-Technologien,false
2128,Java,false
2131,Softwarearchitekturen,false
2133,open knowledge,false
426,free,false
904,agile,false
770,IT,false
2785,aruba,false
2784,gaming,false
1107,creative,false
630,linuxtag,false
2640,OpenTechSummit berlin Internet Technologie startup,false
324,Wissenschaft,false
201,science,false
2100,untagged,false
612,Wirtschaft,false
50,Musik,true
222,games,false
323,Innovation,false
329,Medien,false
317,media,false
140,Kultur,true
325,Technologie,true
200,culture,false
613,Technology,false
199,society,false
299,politics,false
39,Business,false
141,Gesellschaft,true
24,Politik,true
243,Konferenz,true
76,berlin,false
242,conference,false
316,republica,false
1648,default,false
